id,name,model_id:id,group_id:id,perm_read,perm_write,perm_create,perm_unlink
access_health_room_user,health.room user,model_health_room,quinze_health_base.group_health_user,1,0,0,0
access_health_room_manager,health.room manager,model_health_room,quinze_health_base.group_health_manager,1,1,1,0
access_health_room_admin,health.room admin,model_health_room,quinze_health_base.group_health_admin,1,1,1,1
access_health_patient_user,health.patient user,model_health_patient,quinze_health_base.group_health_user,1,1,1,0
access_health_patient_admin,health.patient admin,model_health_patient,quinze_health_base.group_health_admin,1,1,1,1
access_health_appointment_user,health.appointment user,model_health_appointment,quinze_health_base.group_health_user,1,1,1,0
access_health_appointment_doctor,health.appointment doctor,model_health_appointment,quinze_health_base.group_health_doctor,1,1,1,0
access_health_appointment_admin,health.appointment admin,model_health_appointment,quinze_health_base.group_health_admin,1,1,1,1
access_health_encounter_doctor,health.encounter doctor,model_health_encounter,quinze_health_base.group_health_doctor,1,1,1,0
access_health_encounter_user,health.encounter user,model_health_encounter,quinze_health_base.group_health_user,1,0,0,0
access_health_encounter_manager,health.encounter manager,model_health_encounter,quinze_health_base.group_health_manager,1,1,1,0
access_health_encounter_admin,health.encounter admin,model_health_encounter,quinze_health_base.group_health_admin,1,1,1,1
access_health_vital_sign_doctor,health.vital.sign doctor,model_health_vital_sign,quinze_health_base.group_health_doctor,1,1,1,0
access_health_vital_sign_user,health.vital.sign user,model_health_vital_sign,quinze_health_base.group_health_user,1,1,1,0
access_health_vital_sign_admin,health.vital.sign admin,model_health_vital_sign,quinze_health_base.group_health_admin,1,1,1,1
access_health_prescription_doctor,health.prescription doctor,model_health_prescription,quinze_health_base.group_health_doctor,1,1,1,0
access_health_prescription_pharmacist,health.prescription pharmacist,model_health_prescription,quinze_health_base.group_health_pharmacist,1,0,0,0
access_health_prescription_user,health.prescription user,model_health_prescription,quinze_health_base.group_health_user,1,0,0,0
access_health_prescription_manager,health.prescription manager,model_health_prescription,quinze_health_base.group_health_manager,1,1,1,0
access_health_prescription_admin,health.prescription admin,model_health_prescription,quinze_health_base.group_health_admin,1,1,1,1
access_health_prescription_line_doctor,health.prescription.line doctor,model_health_prescription_line,quinze_health_base.group_health_doctor,1,1,1,0
access_health_prescription_line_pharmacist,health.prescription.line pharmacist,model_health_prescription_line,quinze_health_base.group_health_pharmacist,1,0,0,0
access_health_prescription_line_user,health.prescription.line user,model_health_prescription_line,quinze_health_base.group_health_user,1,0,0,0
access_health_prescription_line_admin,health.prescription.line admin,model_health_prescription_line,quinze_health_base.group_health_admin,1,1,1,1
access_health_lab_request_doctor,health.lab.request doctor,model_health_lab_request,quinze_health_base.group_health_doctor,1,1,1,0
access_health_lab_request_lab_tech,health.lab.request lab tech,model_health_lab_request,quinze_health_base.group_health_lab_tech,1,1,0,0
access_health_lab_request_user,health.lab.request user,model_health_lab_request,quinze_health_base.group_health_user,1,0,0,0
access_health_lab_request_manager,health.lab.request manager,model_health_lab_request,quinze_health_base.group_health_manager,1,1,1,0
access_health_lab_request_admin,health.lab.request admin,model_health_lab_request,quinze_health_base.group_health_admin,1,1,1,1
